,antecedents,consequents,antecedent support,consequent support,support,confidence,lift,leverage,conviction
0,"frozenset({'Asghar Afghan', 'Dawlat Zadran', 'D'})",frozenset({'won'}),0.3561643835616438,0.4383561643835616,0.1917808219178082,0.5384615384615384,1.2283653846153846,0.03565396884969038,1.2168949771689497
1,"frozenset({'Asghar Afghan', 'Gulbadin Naib', 'D'})",frozenset({'won'}),0.3150684931506849,0.4383561643835616,0.1506849315068493,0.4782608695652174,1.0910326086956523,0.012572715331206602,1.0764840182648403
2,"frozenset({'Asghar Afghan', 'Mohammad Nabi', 'D'})",frozenset({'won'}),0.4520547945205479,0.4383561643835616,0.2191780821917808,0.48484848484848486,1.1060606060606062,0.021017076374554328,1.090249798549557
3,"frozenset({'Asghar Afghan', 'D', 'Mohammad Shahzad'})",frozenset({'won'}),0.3424657534246575,0.4383561643835616,0.2054794520547945,0.6,1.3687500000000001,0.055357477950835066,1.404109589041096
4,"frozenset({'Asghar Afghan', 'Najibullah Zadran', 'D'})",frozenset({'won'}),0.3287671232876712,0.4383561643835616,0.1643835616438356,0.5,1.140625,0.020266466504034547,1.1232876712328768
5,"frozenset({'Asghar Afghan', 'Noor Ali Zadran', 'D'})",frozenset({'won'}),0.2054794520547945,0.4383561643835616,0.136986301369863,0.6666666666666666,1.5208333333333333,0.04691311690748734,1.684931506849315
6,"frozenset({'Asghar Afghan', 'Rahmat Shah', 'D'})",frozenset({'won'}),0.3561643835616438,0.4383561643835616,0.1780821917808219,0.5,1.140625,0.02195533871270408,1.1232876712328768
7,"frozenset({'Asghar Afghan', 'Rashid Khan', 'D'})",frozenset({'won'}),0.410958904109589,0.4383561643835616,0.2191780821917808,0.5333333333333333,1.2166666666666668,0.03903171326702948,1.203522504892368
8,"frozenset({'Asghar Afghan', 'Samiullah Shinwari', 'D'})",frozenset({'won'}),0.3150684931506849,0.4383561643835616,0.1643835616438356,0.5217391304347826,1.190217391304348,0.026271345468192903,1.174346201743462
9,"frozenset({'Dawlat Zadran', 'Gulbadin Naib', 'D'})",frozenset({'won'}),0.2465753424657534,0.4383561643835616,0.136986301369863,0.5555555555555556,1.2673611111111112,0.028898480015012204,1.2636986301369864
10,"frozenset({'Dawlat Zadran', 'Mohammad Nabi', 'D'})",frozenset({'won'}),0.3835616438356164,0.4383561643835616,0.1917808219178082,0.5,1.140625,0.023644210921373615,1.1232876712328768
11,"frozenset({'Dawlat Zadran', 'D', 'Mohammad Shahzad'})",frozenset({'won'}),0.3150684931506849,0.4383561643835616,0.1917808219178082,0.6086956521739131,1.3885869565217392,0.053668605742165504,1.4353120243531206
12,"frozenset({'Najibullah Zadran', 'Dawlat Zadran', 'D'})",frozenset({'won'}),0.3013698630136986,0.4383561643835616,0.1643835616438356,0.5454545454545454,1.2443181818181819,0.032276224432351286,1.2356164383561643
13,"frozenset({'Dawlat Zadran', 'Noor Ali Zadran', 'D'})",frozenset({'won'}),0.1780821917808219,0.4383561643835616,0.1232876712328767,0.6923076923076923,1.5793269230769231,0.04522424469881779,1.8253424657534247
14,"frozenset({'Rahmat Shah', 'Dawlat Zadran', 'D'})",frozenset({'won'}),0.3013698630136986,0.4383561643835616,0.1643835616438356,0.5454545454545454,1.2443181818181819,0.032276224432351286,1.2356164383561643
15,"frozenset({'Dawlat Zadran', 'Rashid Khan', 'D'})",frozenset({'won'}),0.3424657534246575,0.4383561643835616,0.1917808219178082,0.56,1.2775000000000003,0.041658847813848765,1.2764632627646328
16,"frozenset({'Samiullah Shinwari', 'Dawlat Zadran', 'D'})",frozenset({'won'}),0.273972602739726,0.4383561643835616,0.1643835616438356,0.6,1.3687500000000001,0.04428598236066805,1.404109589041096
17,"frozenset({'Mohammad Nabi', 'Gulbadin Naib', 'D'})",frozenset({'won'}),0.3287671232876712,0.4383561643835616,0.1506849315068493,0.4583333333333333,1.0455729166666667,0.0065678363670482465,1.0368809272918862
18,"frozenset({'D', 'Gulbadin Naib', 'Mohammad Shahzad'})",frozenset({'won'}),0.2602739726027397,0.4383561643835616,0.1506849315068493,0.5789473684210527,1.3207236842105265,0.03659223118784012,1.3339041095890412
19,"frozenset({'Najibullah Zadran', 'Gulbadin Naib', 'D'})",frozenset({'won'}),0.2328767123287671,0.4383561643835616,0.1095890410958904,0.47058823529411764,1.0735294117647058,0.007506098705197972,1.060882800608828
20,"frozenset({'Rahmat Shah', 'Gulbadin Naib', 'D'})",frozenset({'won'}),0.3424657534246575,0.4383561643835616,0.1643835616438356,0.48,1.095,0.014261587539876164,1.0800842992623814
21,"frozenset({'Rashid Khan', 'Gulbadin Naib', 'D'})",frozenset({'won'}),0.3424657534246575,0.4383561643835616,0.1643835616438356,0.48,1.095,0.014261587539876164,1.0800842992623814
22,"frozenset({'Mohammad Nabi', 'D', 'Mohammad Shahzad'})",frozenset({'won'}),0.3698630136986301,0.4383561643835616,0.2054794520547945,0.5555555555555556,1.2673611111111112,0.0433477200225183,1.2636986301369864
23,"frozenset({'Najibullah Zadran', 'Mohammad Nabi', 'D'})",frozenset({'won'}),0.3561643835616438,0.4383561643835616,0.1643835616438356,0.46153846153846156,1.0528846153846154,0.00825670857571778,1.0430528375733856
24,"frozenset({'Noor Ali Zadran', 'Mohammad Nabi', 'D'})",frozenset({'won'}),0.1917808219178082,0.4383561643835616,0.1232876712328767,0.6428571428571429,1.4665178571428574,0.03921936573465941,1.5726027397260276
25,"frozenset({'Rahmat Shah', 'Mohammad Nabi', 'D'})",frozenset({'won'}),0.3835616438356164,0.4383561643835616,0.1780821917808219,0.4642857142857143,1.0591517857142858,0.009945580784387315,1.0484018264840183
26,"frozenset({'Rashid Khan', 'Mohammad Nabi', 'D'})",frozenset({'won'}),0.4383561643835616,0.4383561643835616,0.2191780821917808,0.5,1.140625,0.02702195533871271,1.1232876712328768
27,"frozenset({'Samiullah Shinwari', 'Mohammad Nabi', 'D'})",frozenset({'won'}),0.3287671232876712,0.4383561643835616,0.1780821917808219,0.5416666666666666,1.2356770833333333,0.03396509664102085,1.2254047322540473
28,"frozenset({'Najibullah Zadran', 'D', 'Mohammad Shahzad'})",frozenset({'won'}),0.2602739726027397,0.4383561643835616,0.1643835616438356,0.631578947368421,1.4407894736842106,0.05029086132482642,1.5244618395303327
29,"frozenset({'Noor Ali Zadran', 'D', 'Mohammad Shahzad'})",frozenset({'won'}),0.1917808219178082,0.4383561643835616,0.136986301369863,0.7142857142857143,1.6294642857142858,0.05291799587164571,1.9657534246575343
30,"frozenset({'Rahmat Shah', 'D', 'Mohammad Shahzad'})",frozenset({'won'}),0.3150684931506849,0.4383561643835616,0.1780821917808219,0.5652173913043478,1.2894021739130435,0.0399699756051792,1.2917808219178082
31,"frozenset({'Rashid Khan', 'D', 'Mohammad Shahzad'})",frozenset({'won'}),0.3698630136986301,0.4383561643835616,0.2191780821917808,0.5925925925925926,1.3518518518518519,0.0570463501595046,1.3785803237858032
32,"frozenset({'Samiullah Shinwari', 'D', 'Mohammad Shahzad'})",frozenset({'won'}),0.2465753424657534,0.4383561643835616,0.1643835616438356,0.6666666666666666,1.5208333333333333,0.056295740288984805,1.684931506849315
33,"frozenset({'Rahmat Shah', 'Najibullah Zadran', 'D'})",frozenset({'won'}),0.2876712328767123,0.4383561643835616,0.136986301369863,0.47619047619047616,1.0863095238095237,0.010883843122537068,1.0722291407222915
34,"frozenset({'Najibullah Zadran', 'Rashid Khan', 'D'})",frozenset({'won'}),0.3150684931506849,0.4383561643835616,0.1643835616438356,0.5217391304347826,1.190217391304348,0.026271345468192903,1.174346201743462
35,"frozenset({'Samiullah Shinwari', 'Najibullah Zadran', 'D'})",frozenset({'won'}),0.2328767123287671,0.4383561643835616,0.1232876712328767,0.5294117647058824,1.2077205882352942,0.021204728842184273,1.1934931506849316
36,"frozenset({'Noor Ali Zadran', 'Rashid Khan', 'D'})",frozenset({'won'}),0.1917808219178082,0.4383561643835616,0.136986301369863,0.7142857142857143,1.6294642857142858,0.05291799587164571,1.9657534246575343
37,"frozenset({'Rahmat Shah', 'Rashid Khan', 'D'})",frozenset({'won'}),0.3972602739726027,0.4383561643835616,0.1917808219178082,0.4827586206896552,1.101293103448276,0.01763933195721526,1.0858447488584477
38,"frozenset({'Samiullah Shinwari', 'Rahmat Shah', 'D'})",frozenset({'won'}),0.2191780821917808,0.4383561643835616,0.1232876712328767,0.5625,1.283203125,0.027209607806342656,1.2837573385518593
39,"frozenset({'Samiullah Shinwari', 'Rashid Khan', 'D'})",frozenset({'won'}),0.273972602739726,0.4383561643835616,0.1643835616438356,0.6,1.3687500000000001,0.04428598236066805,1.404109589041096
40,"frozenset({'Asghar Afghan', 'Dawlat Zadran', 'Gulbadin Naib', 'D'})",frozenset({'won'}),0.2191780821917808,0.4383561643835616,0.1232876712328767,0.5625,1.283203125,0.027209607806342656,1.2837573385518593
41,"frozenset({'Asghar Afghan', 'Dawlat Zadran', 'Mohammad Nabi', 'D'})",frozenset({'won'}),0.3424657534246575,0.4383561643835616,0.1780821917808219,0.52,1.18625,0.027960217676862464,1.1700913242009134
42,"frozenset({'Asghar Afghan', 'Mohammad Shahzad', 'Dawlat Zadran', 'D'})",frozenset({'won'}),0.273972602739726,0.4383561643835616,0.1780821917808219,0.65,1.4828125,0.05798461249765435,1.604696673189824
43,"frozenset({'Asghar Afghan', 'Najibullah Zadran', 'Dawlat Zadran', 'D'})",frozenset({'won'}),0.2602739726027397,0.4383561643835616,0.1506849315068493,0.5789473684210527,1.3207236842105265,0.03659223118784012,1.3339041095890412
44,"frozenset({'Asghar Afghan', 'Dawlat Zadran', 'Noor Ali Zadran', 'D'})",frozenset({'won'}),0.1780821917808219,0.4383561643835616,0.1232876712328767,0.6923076923076923,1.5793269230769231,0.04522424469881779,1.8253424657534247
45,"frozenset({'Asghar Afghan', 'Rahmat Shah', 'Dawlat Zadran', 'D'})",frozenset({'won'}),0.2602739726027397,0.4383561643835616,0.1506849315068493,0.5789473684210527,1.3207236842105265,0.03659223118784012,1.3339041095890412
46,"frozenset({'Asghar Afghan', 'Dawlat Zadran', 'Rashid Khan', 'D'})",frozenset({'won'}),0.3013698630136986,0.4383561643835616,0.1780821917808219,0.5909090909090909,1.3480113636363638,0.045974854569337587,1.3729071537290718
47,"frozenset({'Asghar Afghan', 'Samiullah Shinwari', 'Dawlat Zadran', 'D'})",frozenset({'won'}),0.2602739726027397,0.4383561643835616,0.1506849315068493,0.5789473684210527,1.3207236842105265,0.03659223118784012,1.3339041095890412
48,"frozenset({'Asghar Afghan', 'Mohammad Nabi', 'Gulbadin Naib', 'D'})",frozenset({'won'}),0.3013698630136986,0.4383561643835616,0.136986301369863,0.45454545454545453,1.0369318181818181,0.004878964158378685,1.0296803652968038
49,"frozenset({'Asghar Afghan', 'Mohammad Shahzad', 'Gulbadin Naib', 'D'})",frozenset({'won'}),0.2328767123287671,0.4383561643835616,0.136986301369863,0.5882352941176471,1.3419117647058825,0.03490335897917057,1.3639921722113504
50,"frozenset({'Asghar Afghan', 'Rahmat Shah', 'Gulbadin Naib', 'D'})",frozenset({'won'}),0.3150684931506849,0.4383561643835616,0.1506849315068493,0.4782608695652174,1.0910326086956523,0.012572715331206602,1.0764840182648403
51,"frozenset({'Asghar Afghan', 'Rashid Khan', 'Gulbadin Naib', 'D'})",frozenset({'won'}),0.3150684931506849,0.4383561643835616,0.1506849315068493,0.4782608695652174,1.0910326086956523,0.012572715331206602,1.0764840182648403
52,"frozenset({'Asghar Afghan', 'Mohammad Shahzad', 'Mohammad Nabi', 'D'})",frozenset({'won'}),0.3287671232876712,0.4383561643835616,0.1917808219178082,0.5833333333333334,1.3307291666666667,0.04766372677800715,1.3479452054794523
53,"frozenset({'Asghar Afghan', 'Najibullah Zadran', 'Mohammad Nabi', 'D'})",frozenset({'won'}),0.3150684931506849,0.4383561643835616,0.1506849315068493,0.4782608695652174,1.0910326086956523,0.012572715331206602,1.0764840182648403
54,"frozenset({'Asghar Afghan', 'Noor Ali Zadran', 'Mohammad Nabi', 'D'})",frozenset({'won'}),0.1917808219178082,0.4383561643835616,0.1232876712328767,0.6428571428571429,1.4665178571428574,0.03921936573465941,1.5726027397260276
55,"frozenset({'Asghar Afghan', 'Rahmat Shah', 'Mohammad Nabi', 'D'})",frozenset({'won'}),0.3424657534246575,0.4383561643835616,0.1643835616438356,0.48,1.095,0.014261587539876164,1.0800842992623814
56,"frozenset({'Asghar Afghan', 'Rashid Khan', 'Mohammad Nabi', 'D'})",frozenset({'won'}),0.3972602739726027,0.4383561643835616,0.2054794520547945,0.5172413793103449,1.1799568965517242,0.03133796209420156,1.1634050880626225
57,"frozenset({'Asghar Afghan', 'Samiullah Shinwari', 'Mohammad Nabi', 'D'})",frozenset({'won'}),0.3150684931506849,0.4383561643835616,0.1643835616438356,0.5217391304347826,1.190217391304348,0.026271345468192903,1.174346201743462
58,"frozenset({'Asghar Afghan', 'Mohammad Shahzad', 'Najibullah Zadran', 'D'})",frozenset({'won'}),0.2191780821917808,0.4383561643835616,0.1506849315068493,0.6875,1.568359375,0.05460686808031526,1.797260273972603
59,"frozenset({'Asghar Afghan', 'Mohammad Shahzad', 'Noor Ali Zadran', 'D'})",frozenset({'won'}),0.1917808219178082,0.4383561643835616,0.136986301369863,0.7142857142857143,1.6294642857142858,0.05291799587164571,1.9657534246575343
60,"frozenset({'Asghar Afghan', 'Mohammad Shahzad', 'Rahmat Shah', 'D'})",frozenset({'won'}),0.273972602739726,0.4383561643835616,0.1643835616438356,0.6,1.3687500000000001,0.04428598236066805,1.404109589041096
61,"frozenset({'Asghar Afghan', 'Mohammad Shahzad', 'Rashid Khan', 'D'})",frozenset({'won'}),0.3287671232876712,0.4383561643835616,0.2054794520547945,0.625,1.42578125,0.06136235691499345,1.497716894977169
62,"frozenset({'Asghar Afghan', 'Samiullah Shinwari', 'Mohammad Shahzad', 'D'})",frozenset({'won'}),0.2328767123287671,0.4383561643835616,0.1506849315068493,0.6470588235294118,1.4761029411764708,0.048601989116156874,1.5913242009132422
63,"frozenset({'Asghar Afghan', 'Rahmat Shah', 'Najibullah Zadran', 'D'})",frozenset({'won'}),0.2465753424657534,0.4383561643835616,0.1232876712328767,0.5,1.140625,0.015199849878025903,1.1232876712328768
64,"frozenset({'Asghar Afghan', 'Najibullah Zadran', 'Rashid Khan', 'D'})",frozenset({'won'}),0.273972602739726,0.4383561643835616,0.1506849315068493,0.55,1.2546875000000002,0.030587352223681752,1.2480974124809743
65,"frozenset({'Asghar Afghan', 'Samiullah Shinwari', 'Najibullah Zadran', 'D'})",frozenset({'won'}),0.2191780821917808,0.4383561643835616,0.1095890410958904,0.5,1.140625,0.013510977669356355,1.1232876712328768
66,"frozenset({'Asghar Afghan', 'Noor Ali Zadran', 'Rashid Khan', 'D'})",frozenset({'won'}),0.1917808219178082,0.4383561643835616,0.136986301369863,0.7142857142857143,1.6294642857142858,0.05291799587164571,1.9657534246575343
67,"frozenset({'Asghar Afghan', 'Rahmat Shah', 'Rashid Khan', 'D'})",frozenset({'won'}),0.3561643835616438,0.4383561643835616,0.1780821917808219,0.5,1.140625,0.02195533871270408,1.1232876712328768
68,"frozenset({'Asghar Afghan', 'Samiullah Shinwari', 'Rahmat Shah', 'D'})",frozenset({'won'}),0.2054794520547945,0.4383561643835616,0.1095890410958904,0.5333333333333333,1.2166666666666668,0.01951585663351474,1.203522504892368
69,"frozenset({'Asghar Afghan', 'Samiullah Shinwari', 'Rashid Khan', 'D'})",frozenset({'won'}),0.2602739726027397,0.4383561643835616,0.1506849315068493,0.5789473684210527,1.3207236842105265,0.03659223118784012,1.3339041095890412
70,"frozenset({'Mohammad Nabi', 'Dawlat Zadran', 'Gulbadin Naib', 'D'})",frozenset({'won'}),0.2328767123287671,0.4383561643835616,0.1232876712328767,0.5294117647058824,1.2077205882352942,0.021204728842184273,1.1934931506849316
71,"frozenset({'Mohammad Shahzad', 'Dawlat Zadran', 'Gulbadin Naib', 'D'})",frozenset({'won'}),0.2054794520547945,0.4383561643835616,0.136986301369863,0.6666666666666666,1.5208333333333333,0.04691311690748734,1.684931506849315
72,"frozenset({'Rahmat Shah', 'Dawlat Zadran', 'Gulbadin Naib', 'D'})",frozenset({'won'}),0.2465753424657534,0.4383561643835616,0.136986301369863,0.5555555555555556,1.2673611111111112,0.028898480015012204,1.2636986301369864
73,"frozenset({'Dawlat Zadran', 'Rashid Khan', 'Gulbadin Naib', 'D'})",frozenset({'won'}),0.2465753424657534,0.4383561643835616,0.136986301369863,0.5555555555555556,1.2673611111111112,0.028898480015012204,1.2636986301369864
74,"frozenset({'Mohammad Shahzad', 'Dawlat Zadran', 'Mohammad Nabi', 'D'})",frozenset({'won'}),0.3013698630136986,0.4383561643835616,0.1780821917808219,0.5909090909090909,1.3480113636363638,0.045974854569337587,1.3729071537290718
75,"frozenset({'Najibullah Zadran', 'Dawlat Zadran', 'Mohammad Nabi', 'D'})",frozenset({'won'}),0.2876712328767123,0.4383561643835616,0.1506849315068493,0.5238095238095238,1.1949404761904763,0.02458247325952337,1.1794520547945206
76,"frozenset({'Dawlat Zadran', 'Noor Ali Zadran', 'Mohammad Nabi', 'D'})",frozenset({'won'}),0.1643835616438356,0.4383561643835616,0.1095890410958904,0.6666666666666666,1.5208333333333333,0.037530493525989875,1.684931506849315
77,"frozenset({'Rahmat Shah', 'Dawlat Zadran', 'Mohammad Nabi', 'D'})",frozenset({'won'}),0.2876712328767123,0.4383561643835616,0.1506849315068493,0.5238095238095238,1.1949404761904763,0.02458247325952337,1.1794520547945206
78,"frozenset({'Dawlat Zadran', 'Rashid Khan', 'Mohammad Nabi', 'D'})",frozenset({'won'}),0.3287671232876712,0.4383561643835616,0.1780821917808219,0.5416666666666666,1.2356770833333333,0.03396509664102085,1.2254047322540473
79,"frozenset({'Samiullah Shinwari', 'Dawlat Zadran', 'Mohammad Nabi', 'D'})",frozenset({'won'}),0.273972602739726,0.4383561643835616,0.1643835616438356,0.6,1.3687500000000001,0.04428598236066805,1.404109589041096
80,"frozenset({'Mohammad Shahzad', 'Najibullah Zadran', 'Dawlat Zadran', 'D'})",frozenset({'won'}),0.2191780821917808,0.4383561643835616,0.1506849315068493,0.6875,1.568359375,0.05460686808031526,1.797260273972603
81,"frozenset({'Mohammad Shahzad', 'Dawlat Zadran', 'Noor Ali Zadran', 'D'})",frozenset({'won'}),0.1643835616438356,0.4383561643835616,0.1232876712328767,0.75,1.7109375,0.051229123662976175,2.2465753424657535
82,"frozenset({'Mohammad Shahzad', 'Rahmat Shah', 'Dawlat Zadran', 'D'})",frozenset({'won'}),0.2602739726027397,0.4383561643835616,0.1643835616438356,0.631578947368421,1.4407894736842106,0.05029086132482642,1.5244618395303327
83,"frozenset({'Mohammad Shahzad', 'Dawlat Zadran', 'Rashid Khan', 'D'})",frozenset({'won'}),0.3013698630136986,0.4383561643835616,0.1917808219178082,0.6363636363636364,1.4517045454545454,0.05967348470632389,1.5445205479452055
84,"frozenset({'Samiullah Shinwari', 'Mohammad Shahzad', 'Dawlat Zadran', 'D'})",frozenset({'won'}),0.2054794520547945,0.4383561643835616,0.1506849315068493,0.7333333333333333,1.6729166666666666,0.06061174704447364,2.1061643835616435
85,"frozenset({'Rahmat Shah', 'Najibullah Zadran', 'Dawlat Zadran', 'D'})",frozenset({'won'}),0.2191780821917808,0.4383561643835616,0.1232876712328767,0.5625,1.283203125,0.027209607806342656,1.2837573385518593
86,"frozenset({'Najibullah Zadran', 'Dawlat Zadran', 'Rashid Khan', 'D'})",frozenset({'won'}),0.2465753424657534,0.4383561643835616,0.1506849315068493,0.6111111111111112,1.3940972222222223,0.042597110151998505,1.4442270058708417
87,"frozenset({'Samiullah Shinwari', 'Najibullah Zadran', 'Dawlat Zadran', 'D'})",frozenset({'won'}),0.2054794520547945,0.4383561643835616,0.1232876712328767,0.6,1.3687500000000001,0.03321448677050104,1.404109589041096
88,"frozenset({'Noor Ali Zadran', 'Dawlat Zadran', 'Rashid Khan', 'D'})",frozenset({'won'}),0.1643835616438356,0.4383561643835616,0.1232876712328767,0.75,1.7109375,0.051229123662976175,2.2465753424657535
89,"frozenset({'Rahmat Shah', 'Dawlat Zadran', 'Rashid Khan', 'D'})",frozenset({'won'}),0.3013698630136986,0.4383561643835616,0.1643835616438356,0.5454545454545454,1.2443181818181819,0.032276224432351286,1.2356164383561643
90,"frozenset({'Samiullah Shinwari', 'Rahmat Shah', 'Dawlat Zadran', 'D'})",frozenset({'won'}),0.1780821917808219,0.4383561643835616,0.1232876712328767,0.6923076923076923,1.5793269230769231,0.04522424469881779,1.8253424657534247
91,"frozenset({'Samiullah Shinwari', 'Dawlat Zadran', 'Rashid Khan', 'D'})",frozenset({'won'}),0.2191780821917808,0.4383561643835616,0.1506849315068493,0.6875,1.568359375,0.05460686808031526,1.797260273972603
92,"frozenset({'Mohammad Shahzad', 'Mohammad Nabi', 'Gulbadin Naib', 'D'})",frozenset({'won'}),0.2465753424657534,0.4383561643835616,0.136986301369863,0.5555555555555556,1.2673611111111112,0.028898480015012204,1.2636986301369864
93,"frozenset({'Rahmat Shah', 'Mohammad Nabi', 'Gulbadin Naib', 'D'})",frozenset({'won'}),0.3287671232876712,0.4383561643835616,0.1506849315068493,0.4583333333333333,1.0455729166666667,0.0065678363670482465,1.0368809272918862
94,"frozenset({'Mohammad Nabi', 'Rashid Khan', 'Gulbadin Naib', 'D'})",frozenset({'won'}),0.3287671232876712,0.4383561643835616,0.1506849315068493,0.4583333333333333,1.0455729166666667,0.0065678363670482465,1.0368809272918862
95,"frozenset({'Mohammad Shahzad', 'Najibullah Zadran', 'Gulbadin Naib', 'D'})",frozenset({'won'}),0.1643835616438356,0.4383561643835616,0.1095890410958904,0.6666666666666666,1.5208333333333333,0.037530493525989875,1.684931506849315
96,"frozenset({'Mohammad Shahzad', 'Rahmat Shah', 'Gulbadin Naib', 'D'})",frozenset({'won'}),0.2602739726027397,0.4383561643835616,0.1506849315068493,0.5789473684210527,1.3207236842105265,0.03659223118784012,1.3339041095890412
97,"frozenset({'Mohammad Shahzad', 'Rashid Khan', 'Gulbadin Naib', 'D'})",frozenset({'won'}),0.2602739726027397,0.4383561643835616,0.1506849315068493,0.5789473684210527,1.3207236842105265,0.03659223118784012,1.3339041095890412
98,"frozenset({'Rahmat Shah', 'Najibullah Zadran', 'Gulbadin Naib', 'D'})",frozenset({'won'}),0.2328767123287671,0.4383561643835616,0.1095890410958904,0.47058823529411764,1.0735294117647058,0.007506098705197972,1.060882800608828
99,"frozenset({'Najibullah Zadran', 'Rashid Khan', 'Gulbadin Naib', 'D'})",frozenset({'won'}),0.2328767123287671,0.4383561643835616,0.1095890410958904,0.47058823529411764,1.0735294117647058,0.007506098705197972,1.060882800608828
100,"frozenset({'Rahmat Shah', 'Rashid Khan', 'Gulbadin Naib', 'D'})",frozenset({'won'}),0.3424657534246575,0.4383561643835616,0.1643835616438356,0.48,1.095,0.014261587539876164,1.0800842992623814
101,"frozenset({'Mohammad Shahzad', 'Najibullah Zadran', 'Mohammad Nabi', 'D'})",frozenset({'won'}),0.2465753424657534,0.4383561643835616,0.1506849315068493,0.6111111111111112,1.3940972222222223,0.042597110151998505,1.4442270058708417
102,"frozenset({'Mohammad Shahzad', 'Noor Ali Zadran', 'Mohammad Nabi', 'D'})",frozenset({'won'}),0.1780821917808219,0.4383561643835616,0.1232876712328767,0.6923076923076923,1.5793269230769231,0.04522424469881779,1.8253424657534247
103,"frozenset({'Mohammad Shahzad', 'Rahmat Shah', 'Mohammad Nabi', 'D'})",frozenset({'won'}),0.3013698630136986,0.4383561643835616,0.1643835616438356,0.5454545454545454,1.2443181818181819,0.032276224432351286,1.2356164383561643
104,"frozenset({'Mohammad Shahzad', 'Rashid Khan', 'Mohammad Nabi', 'D'})",frozenset({'won'}),0.3561643835616438,0.4383561643835616,0.2054794520547945,0.5769230769230769,1.3161057692307692,0.04935259898667668,1.327521793275218
105,"frozenset({'Samiullah Shinwari', 'Mohammad Shahzad', 'Mohammad Nabi', 'D'})",frozenset({'won'}),0.2465753424657534,0.4383561643835616,0.1643835616438356,0.6666666666666666,1.5208333333333333,0.056295740288984805,1.684931506849315
106,"frozenset({'Rahmat Shah', 'Najibullah Zadran', 'Mohammad Nabi', 'D'})",frozenset({'won'}),0.273972602739726,0.4383561643835616,0.1232876712328767,0.45,1.0265625,0.0031900919497091507,1.021170610211706
107,"frozenset({'Najibullah Zadran', 'Rashid Khan', 'Mohammad Nabi', 'D'})",frozenset({'won'}),0.3013698630136986,0.4383561643835616,0.1506849315068493,0.5,1.140625,0.018577594295364985,1.1232876712328768
108,"frozenset({'Samiullah Shinwari', 'Najibullah Zadran', 'Mohammad Nabi', 'D'})",frozenset({'won'}),0.2328767123287671,0.4383561643835616,0.1232876712328767,0.5294117647058824,1.2077205882352942,0.021204728842184273,1.1934931506849316
109,"frozenset({'Noor Ali Zadran', 'Rashid Khan', 'Mohammad Nabi', 'D'})",frozenset({'won'}),0.1780821917808219,0.4383561643835616,0.1232876712328767,0.6923076923076923,1.5793269230769231,0.04522424469881779,1.8253424657534247
110,"frozenset({'Rahmat Shah', 'Rashid Khan', 'Mohammad Nabi', 'D'})",frozenset({'won'}),0.3835616438356164,0.4383561643835616,0.1780821917808219,0.4642857142857143,1.0591517857142858,0.009945580784387315,1.0484018264840183
111,"frozenset({'Samiullah Shinwari', 'Rahmat Shah', 'Mohammad Nabi', 'D'})",frozenset({'won'}),0.2191780821917808,0.4383561643835616,0.1232876712328767,0.5625,1.283203125,0.027209607806342656,1.2837573385518593
112,"frozenset({'Samiullah Shinwari', 'Rashid Khan', 'Mohammad Nabi', 'D'})",frozenset({'won'}),0.273972602739726,0.4383561643835616,0.1643835616438356,0.6,1.3687500000000001,0.04428598236066805,1.404109589041096
113,"frozenset({'Mohammad Shahzad', 'Rahmat Shah', 'Najibullah Zadran', 'D'})",frozenset({'won'}),0.2191780821917808,0.4383561643835616,0.136986301369863,0.625,1.42578125,0.04090823794332896,1.497716894977169
114,"frozenset({'Mohammad Shahzad', 'Najibullah Zadran', 'Rashid Khan', 'D'})",frozenset({'won'}),0.2465753424657534,0.4383561643835616,0.1643835616438356,0.6666666666666666,1.5208333333333333,0.056295740288984805,1.684931506849315
115,"frozenset({'Samiullah Shinwari', 'Najibullah Zadran', 'Mohammad Shahzad', 'D'})",frozenset({'won'}),0.1506849315068493,0.4383561643835616,0.1095890410958904,0.7272727272727273,1.6590909090909092,0.043535372490148244,2.0593607305936077
116,"frozenset({'Mohammad Shahzad', 'Noor Ali Zadran', 'Rashid Khan', 'D'})",frozenset({'won'}),0.1780821917808219,0.4383561643835616,0.136986301369863,0.7692307692307693,1.7548076923076925,0.05892287483580409,2.4337899543379002
117,"frozenset({'Mohammad Shahzad', 'Rahmat Shah', 'Rashid Khan', 'D'})",frozenset({'won'}),0.3150684931506849,0.4383561643835616,0.1780821917808219,0.5652173913043478,1.2894021739130435,0.0399699756051792,1.2917808219178082
118,"frozenset({'Samiullah Shinwari', 'Rahmat Shah', 'Mohammad Shahzad', 'D'})",frozenset({'won'}),0.1780821917808219,0.4383561643835616,0.1232876712328767,0.6923076923076923,1.5793269230769231,0.04522424469881779,1.8253424657534247
119,"frozenset({'Samiullah Shinwari', 'Mohammad Shahzad', 'Rashid Khan', 'D'})",frozenset({'won'}),0.2328767123287671,0.4383561643835616,0.1643835616438356,0.7058823529411765,1.610294117647059,0.062300619253143175,1.909589041095891
120,"frozenset({'Rahmat Shah', 'Najibullah Zadran', 'Rashid Khan', 'D'})",frozenset({'won'}),0.2876712328767123,0.4383561643835616,0.136986301369863,0.47619047619047616,1.0863095238095237,0.010883843122537068,1.0722291407222915
121,"frozenset({'Samiullah Shinwari', 'Najibullah Zadran', 'Rashid Khan', 'D'})",frozenset({'won'}),0.1780821917808219,0.4383561643835616,0.1095890410958904,0.6153846153846154,1.403846153846154,0.03152561456183149,1.4602739726027398
122,"frozenset({'Samiullah Shinwari', 'Rahmat Shah', 'Rashid Khan', 'D'})",frozenset({'won'}),0.2191780821917808,0.4383561643835616,0.1232876712328767,0.5625,1.283203125,0.027209607806342656,1.2837573385518593
123,"frozenset({'Gulbadin Naib', 'D', 'Asghar Afghan', 'Mohammad Nabi', 'Dawlat Zadran'})",frozenset({'won'}),0.2054794520547945,0.4383561643835616,0.1095890410958904,0.5333333333333333,1.2166666666666668,0.01951585663351474,1.203522504892368
124,"frozenset({'Gulbadin Naib', 'D', 'Asghar Afghan', 'Dawlat Zadran', 'Mohammad Shahzad'})",frozenset({'won'}),0.1780821917808219,0.4383561643835616,0.1232876712328767,0.6923076923076923,1.5793269230769231,0.04522424469881779,1.8253424657534247
125,"frozenset({'Rahmat Shah', 'Gulbadin Naib', 'D', 'Asghar Afghan', 'Dawlat Zadran'})",frozenset({'won'}),0.2191780821917808,0.4383561643835616,0.1232876712328767,0.5625,1.283203125,0.027209607806342656,1.2837573385518593
126,"frozenset({'Rashid Khan', 'Gulbadin Naib', 'D', 'Asghar Afghan', 'Dawlat Zadran'})",frozenset({'won'}),0.2191780821917808,0.4383561643835616,0.1232876712328767,0.5625,1.283203125,0.027209607806342656,1.2837573385518593
127,"frozenset({'D', 'Asghar Afghan', 'Mohammad Nabi', 'Dawlat Zadran', 'Mohammad Shahzad'})",frozenset({'won'}),0.2602739726027397,0.4383561643835616,0.1643835616438356,0.631578947368421,1.4407894736842106,0.05029086132482642,1.5244618395303327
128,"frozenset({'D', 'Asghar Afghan', 'Mohammad Nabi', 'Najibullah Zadran', 'Dawlat Zadran'})",frozenset({'won'}),0.2465753424657534,0.4383561643835616,0.136986301369863,0.5555555555555556,1.2673611111111112,0.028898480015012204,1.2636986301369864
129,"frozenset({'D', 'Noor Ali Zadran', 'Asghar Afghan', 'Mohammad Nabi', 'Dawlat Zadran'})",frozenset({'won'}),0.1643835616438356,0.4383561643835616,0.1095890410958904,0.6666666666666666,1.5208333333333333,0.037530493525989875,1.684931506849315
130,"frozenset({'Rahmat Shah', 'D', 'Asghar Afghan', 'Mohammad Nabi', 'Dawlat Zadran'})",frozenset({'won'}),0.2465753424657534,0.4383561643835616,0.136986301369863,0.5555555555555556,1.2673611111111112,0.028898480015012204,1.2636986301369864
131,"frozenset({'Rashid Khan', 'D', 'Asghar Afghan', 'Mohammad Nabi', 'Dawlat Zadran'})",frozenset({'won'}),0.2876712328767123,0.4383561643835616,0.1643835616438356,0.5714285714285714,1.3035714285714286,0.03828110339650967,1.3105022831050228
132,"frozenset({'D', 'Asghar Afghan', 'Samiullah Shinwari', 'Mohammad Nabi', 'Dawlat Zadran'})",frozenset({'won'}),0.2602739726027397,0.4383561643835616,0.1506849315068493,0.5789473684210527,1.3207236842105265,0.03659223118784012,1.3339041095890412
133,"frozenset({'D', 'Asghar Afghan', 'Najibullah Zadran', 'Dawlat Zadran', 'Mohammad Shahzad'})",frozenset({'won'}),0.1780821917808219,0.4383561643835616,0.136986301369863,0.7692307692307693,1.7548076923076925,0.05892287483580409,2.4337899543379002
134,"frozenset({'D', 'Noor Ali Zadran', 'Asghar Afghan', 'Dawlat Zadran', 'Mohammad Shahzad'})",frozenset({'won'}),0.1643835616438356,0.4383561643835616,0.1232876712328767,0.75,1.7109375,0.051229123662976175,2.2465753424657535
135,"frozenset({'Rahmat Shah', 'D', 'Asghar Afghan', 'Dawlat Zadran', 'Mohammad Shahzad'})",frozenset({'won'}),0.2191780821917808,0.4383561643835616,0.1506849315068493,0.6875,1.568359375,0.05460686808031526,1.797260273972603
136,"frozenset({'Rashid Khan', 'D', 'Asghar Afghan', 'Dawlat Zadran', 'Mohammad Shahzad'})",frozenset({'won'}),0.2602739726027397,0.4383561643835616,0.1780821917808219,0.6842105263157895,1.560855263157895,0.06398949146181272,1.7785388127853883
137,"frozenset({'D', 'Asghar Afghan', 'Samiullah Shinwari', 'Dawlat Zadran', 'Mohammad Shahzad'})",frozenset({'won'}),0.1917808219178082,0.4383561643835616,0.136986301369863,0.7142857142857143,1.6294642857142858,0.05291799587164571,1.9657534246575343
138,"frozenset({'Rahmat Shah', 'D', 'Asghar Afghan', 'Najibullah Zadran', 'Dawlat Zadran'})",frozenset({'won'}),0.1780821917808219,0.4383561643835616,0.1095890410958904,0.6153846153846154,1.403846153846154,0.03152561456183149,1.4602739726027398
139,"frozenset({'Rashid Khan', 'D', 'Asghar Afghan', 'Najibullah Zadran', 'Dawlat Zadran'})",frozenset({'won'}),0.2054794520547945,0.4383561643835616,0.136986301369863,0.6666666666666666,1.5208333333333333,0.04691311690748734,1.684931506849315
140,"frozenset({'D', 'Asghar Afghan', 'Samiullah Shinwari', 'Najibullah Zadran', 'Dawlat Zadran'})",frozenset({'won'}),0.1917808219178082,0.4383561643835616,0.1095890410958904,0.5714285714285714,1.3035714285714286,0.025520735597673108,1.3105022831050228
141,"frozenset({'Rashid Khan', 'D', 'Noor Ali Zadran', 'Asghar Afghan', 'Dawlat Zadran'})",frozenset({'won'}),0.1643835616438356,0.4383561643835616,0.1232876712328767,0.75,1.7109375,0.051229123662976175,2.2465753424657535
142,"frozenset({'Rahmat Shah', 'Rashid Khan', 'D', 'Asghar Afghan', 'Dawlat Zadran'})",frozenset({'won'}),0.2602739726027397,0.4383561643835616,0.1506849315068493,0.5789473684210527,1.3207236842105265,0.03659223118784012,1.3339041095890412
143,"frozenset({'Rahmat Shah', 'D', 'Asghar Afghan', 'Samiullah Shinwari', 'Dawlat Zadran'})",frozenset({'won'}),0.1643835616438356,0.4383561643835616,0.1095890410958904,0.6666666666666666,1.5208333333333333,0.037530493525989875,1.684931506849315
144,"frozenset({'Rashid Khan', 'D', 'Asghar Afghan', 'Samiullah Shinwari', 'Dawlat Zadran'})",frozenset({'won'}),0.2054794520547945,0.4383561643835616,0.136986301369863,0.6666666666666666,1.5208333333333333,0.04691311690748734,1.684931506849315
145,"frozenset({'Gulbadin Naib', 'D', 'Asghar Afghan', 'Mohammad Nabi', 'Mohammad Shahzad'})",frozenset({'won'}),0.2191780821917808,0.4383561643835616,0.1232876712328767,0.5625,1.283203125,0.027209607806342656,1.2837573385518593
146,"frozenset({'Rahmat Shah', 'Gulbadin Naib', 'D', 'Asghar Afghan', 'Mohammad Nabi'})",frozenset({'won'}),0.3013698630136986,0.4383561643835616,0.136986301369863,0.45454545454545453,1.0369318181818181,0.004878964158378685,1.0296803652968038
147,"frozenset({'Rashid Khan', 'Gulbadin Naib', 'D', 'Asghar Afghan', 'Mohammad Nabi'})",frozenset({'won'}),0.3013698630136986,0.4383561643835616,0.136986301369863,0.45454545454545453,1.0369318181818181,0.004878964158378685,1.0296803652968038
148,"frozenset({'Rahmat Shah', 'Gulbadin Naib', 'D', 'Asghar Afghan', 'Mohammad Shahzad'})",frozenset({'won'}),0.2328767123287671,0.4383561643835616,0.136986301369863,0.5882352941176471,1.3419117647058825,0.03490335897917057,1.3639921722113504
149,"frozenset({'Rashid Khan', 'Gulbadin Naib', 'D', 'Asghar Afghan', 'Mohammad Shahzad'})",frozenset({'won'}),0.2328767123287671,0.4383561643835616,0.136986301369863,0.5882352941176471,1.3419117647058825,0.03490335897917057,1.3639921722113504
150,"frozenset({'Rahmat Shah', 'Rashid Khan', 'Gulbadin Naib', 'D', 'Asghar Afghan'})",frozenset({'won'}),0.3150684931506849,0.4383561643835616,0.1506849315068493,0.4782608695652174,1.0910326086956523,0.012572715331206602,1.0764840182648403
151,"frozenset({'D', 'Asghar Afghan', 'Mohammad Nabi', 'Najibullah Zadran', 'Mohammad Shahzad'})",frozenset({'won'}),0.2054794520547945,0.4383561643835616,0.136986301369863,0.6666666666666666,1.5208333333333333,0.04691311690748734,1.684931506849315
152,"frozenset({'D', 'Noor Ali Zadran', 'Asghar Afghan', 'Mohammad Nabi', 'Mohammad Shahzad'})",frozenset({'won'}),0.1780821917808219,0.4383561643835616,0.1232876712328767,0.6923076923076923,1.5793269230769231,0.04522424469881779,1.8253424657534247
153,"frozenset({'Rahmat Shah', 'D', 'Asghar Afghan', 'Mohammad Nabi', 'Mohammad Shahzad'})",frozenset({'won'}),0.2602739726027397,0.4383561643835616,0.1506849315068493,0.5789473684210527,1.3207236842105265,0.03659223118784012,1.3339041095890412
154,"frozenset({'Rashid Khan', 'D', 'Asghar Afghan', 'Mohammad Nabi', 'Mohammad Shahzad'})",frozenset({'won'}),0.3150684931506849,0.4383561643835616,0.1917808219178082,0.6086956521739131,1.3885869565217392,0.053668605742165504,1.4353120243531206
155,"frozenset({'D', 'Asghar Afghan', 'Samiullah Shinwari', 'Mohammad Nabi', 'Mohammad Shahzad'})",frozenset({'won'}),0.2328767123287671,0.4383561643835616,0.1506849315068493,0.6470588235294118,1.4761029411764708,0.048601989116156874,1.5913242009132422
156,"frozenset({'Rahmat Shah', 'D', 'Asghar Afghan', 'Mohammad Nabi', 'Najibullah Zadran'})",frozenset({'won'}),0.2328767123287671,0.4383561643835616,0.1095890410958904,0.47058823529411764,1.0735294117647058,0.007506098705197972,1.060882800608828
157,"frozenset({'Rashid Khan', 'D', 'Asghar Afghan', 'Mohammad Nabi', 'Najibullah Zadran'})",frozenset({'won'}),0.2602739726027397,0.4383561643835616,0.136986301369863,0.5263157894736842,1.200657894736842,0.02289360105085382,1.1856925418569253
158,"frozenset({'D', 'Asghar Afghan', 'Samiullah Shinwari', 'Mohammad Nabi', 'Najibullah Zadran'})",frozenset({'won'}),0.2191780821917808,0.4383561643835616,0.1095890410958904,0.5,1.140625,0.013510977669356355,1.1232876712328768
159,"frozenset({'Rashid Khan', 'D', 'Noor Ali Zadran', 'Asghar Afghan', 'Mohammad Nabi'})",frozenset({'won'}),0.1780821917808219,0.4383561643835616,0.1232876712328767,0.6923076923076923,1.5793269230769231,0.04522424469881779,1.8253424657534247
160,"frozenset({'Rahmat Shah', 'Rashid Khan', 'D', 'Asghar Afghan', 'Mohammad Nabi'})",frozenset({'won'}),0.3424657534246575,0.4383561643835616,0.1643835616438356,0.48,1.095,0.014261587539876164,1.0800842992623814
161,"frozenset({'Rahmat Shah', 'D', 'Asghar Afghan', 'Samiullah Shinwari', 'Mohammad Nabi'})",frozenset({'won'}),0.2054794520547945,0.4383561643835616,0.1095890410958904,0.5333333333333333,1.2166666666666668,0.01951585663351474,1.203522504892368
162,"frozenset({'Rashid Khan', 'D', 'Asghar Afghan', 'Samiullah Shinwari', 'Mohammad Nabi'})",frozenset({'won'}),0.2602739726027397,0.4383561643835616,0.1506849315068493,0.5789473684210527,1.3207236842105265,0.03659223118784012,1.3339041095890412
163,"frozenset({'Rahmat Shah', 'D', 'Asghar Afghan', 'Najibullah Zadran', 'Mohammad Shahzad'})",frozenset({'won'}),0.1780821917808219,0.4383561643835616,0.1232876712328767,0.6923076923076923,1.5793269230769231,0.04522424469881779,1.8253424657534247
164,"frozenset({'Rashid Khan', 'D', 'Asghar Afghan', 'Najibullah Zadran', 'Mohammad Shahzad'})",frozenset({'won'}),0.2054794520547945,0.4383561643835616,0.1506849315068493,0.7333333333333333,1.6729166666666666,0.06061174704447364,2.1061643835616435
165,"frozenset({'Rashid Khan', 'D', 'Noor Ali Zadran', 'Asghar Afghan', 'Mohammad Shahzad'})",frozenset({'won'}),0.1780821917808219,0.4383561643835616,0.136986301369863,0.7692307692307693,1.7548076923076925,0.05892287483580409,2.4337899543379002
166,"frozenset({'Rahmat Shah', 'Rashid Khan', 'D', 'Asghar Afghan', 'Mohammad Shahzad'})",frozenset({'won'}),0.273972602739726,0.4383561643835616,0.1643835616438356,0.6,1.3687500000000001,0.04428598236066805,1.404109589041096
167,"frozenset({'Rahmat Shah', 'D', 'Asghar Afghan', 'Samiullah Shinwari', 'Mohammad Shahzad'})",frozenset({'won'}),0.1643835616438356,0.4383561643835616,0.1095890410958904,0.6666666666666666,1.5208333333333333,0.037530493525989875,1.684931506849315
168,"frozenset({'Rashid Khan', 'D', 'Asghar Afghan', 'Samiullah Shinwari', 'Mohammad Shahzad'})",frozenset({'won'}),0.2191780821917808,0.4383561643835616,0.1506849315068493,0.6875,1.568359375,0.05460686808031526,1.797260273972603
169,"frozenset({'Rahmat Shah', 'Rashid Khan', 'D', 'Asghar Afghan', 'Najibullah Zadran'})",frozenset({'won'}),0.2465753424657534,0.4383561643835616,0.1232876712328767,0.5,1.140625,0.015199849878025903,1.1232876712328768
170,"frozenset({'Rahmat Shah', 'Rashid Khan', 'D', 'Asghar Afghan', 'Samiullah Shinwari'})",frozenset({'won'}),0.2054794520547945,0.4383561643835616,0.1095890410958904,0.5333333333333333,1.2166666666666668,0.01951585663351474,1.203522504892368
171,"frozenset({'Gulbadin Naib', 'D', 'Mohammad Nabi', 'Dawlat Zadran', 'Mohammad Shahzad'})",frozenset({'won'}),0.1917808219178082,0.4383561643835616,0.1232876712328767,0.6428571428571429,1.4665178571428574,0.03921936573465941,1.5726027397260276
172,"frozenset({'Rahmat Shah', 'Gulbadin Naib', 'D', 'Mohammad Nabi', 'Dawlat Zadran'})",frozenset({'won'}),0.2328767123287671,0.4383561643835616,0.1232876712328767,0.5294117647058824,1.2077205882352942,0.021204728842184273,1.1934931506849316
173,"frozenset({'Rashid Khan', 'Gulbadin Naib', 'D', 'Mohammad Nabi', 'Dawlat Zadran'})",frozenset({'won'}),0.2328767123287671,0.4383561643835616,0.1232876712328767,0.5294117647058824,1.2077205882352942,0.021204728842184273,1.1934931506849316
174,"frozenset({'Rahmat Shah', 'Gulbadin Naib', 'D', 'Dawlat Zadran', 'Mohammad Shahzad'})",frozenset({'won'}),0.2054794520547945,0.4383561643835616,0.136986301369863,0.6666666666666666,1.5208333333333333,0.04691311690748734,1.684931506849315
175,"frozenset({'Rashid Khan', 'Gulbadin Naib', 'D', 'Dawlat Zadran', 'Mohammad Shahzad'})",frozenset({'won'}),0.2054794520547945,0.4383561643835616,0.136986301369863,0.6666666666666666,1.5208333333333333,0.04691311690748734,1.684931506849315
176,"frozenset({'Rahmat Shah', 'Rashid Khan', 'Gulbadin Naib', 'D', 'Dawlat Zadran'})",frozenset({'won'}),0.2465753424657534,0.4383561643835616,0.136986301369863,0.5555555555555556,1.2673611111111112,0.028898480015012204,1.2636986301369864
177,"frozenset({'D', 'Mohammad Nabi', 'Najibullah Zadran', 'Dawlat Zadran', 'Mohammad Shahzad'})",frozenset({'won'}),0.2054794520547945,0.4383561643835616,0.136986301369863,0.6666666666666666,1.5208333333333333,0.04691311690748734,1.684931506849315
178,"frozenset({'D', 'Noor Ali Zadran', 'Mohammad Nabi', 'Dawlat Zadran', 'Mohammad Shahzad'})",frozenset({'won'}),0.1506849315068493,0.4383561643835616,0.1095890410958904,0.7272727272727273,1.6590909090909092,0.043535372490148244,2.0593607305936077
179,"frozenset({'Rahmat Shah', 'D', 'Mohammad Nabi', 'Dawlat Zadran', 'Mohammad Shahzad'})",frozenset({'won'}),0.2465753424657534,0.4383561643835616,0.1506849315068493,0.6111111111111112,1.3940972222222223,0.042597110151998505,1.4442270058708417
180,"frozenset({'Rashid Khan', 'D', 'Mohammad Nabi', 'Dawlat Zadran', 'Mohammad Shahzad'})",frozenset({'won'}),0.2876712328767123,0.4383561643835616,0.1780821917808219,0.6190476190476191,1.4122023809523812,0.05197973353349597,1.4743150684931507
181,"frozenset({'D', 'Samiullah Shinwari', 'Mohammad Nabi', 'Dawlat Zadran', 'Mohammad Shahzad'})",frozenset({'won'}),0.2054794520547945,0.4383561643835616,0.1506849315068493,0.7333333333333333,1.6729166666666666,0.06061174704447364,2.1061643835616435
182,"frozenset({'Rahmat Shah', 'D', 'Mohammad Nabi', 'Najibullah Zadran', 'Dawlat Zadran'})",frozenset({'won'}),0.2054794520547945,0.4383561643835616,0.1095890410958904,0.5333333333333333,1.2166666666666668,0.01951585663351474,1.203522504892368
183,"frozenset({'Rashid Khan', 'D', 'Mohammad Nabi', 'Najibullah Zadran', 'Dawlat Zadran'})",frozenset({'won'}),0.2328767123287671,0.4383561643835616,0.136986301369863,0.5882352941176471,1.3419117647058825,0.03490335897917057,1.3639921722113504
184,"frozenset({'D', 'Samiullah Shinwari', 'Mohammad Nabi', 'Najibullah Zadran', 'Dawlat Zadran'})",frozenset({'won'}),0.2054794520547945,0.4383561643835616,0.1232876712328767,0.6,1.3687500000000001,0.03321448677050104,1.404109589041096
185,"frozenset({'Rashid Khan', 'D', 'Noor Ali Zadran', 'Mohammad Nabi', 'Dawlat Zadran'})",frozenset({'won'}),0.1506849315068493,0.4383561643835616,0.1095890410958904,0.7272727272727273,1.6590909090909092,0.043535372490148244,2.0593607305936077
186,"frozenset({'Rahmat Shah', 'Rashid Khan', 'D', 'Mohammad Nabi', 'Dawlat Zadran'})",frozenset({'won'}),0.2876712328767123,0.4383561643835616,0.1506849315068493,0.5238095238095238,1.1949404761904763,0.02458247325952337,1.1794520547945206
187,"frozenset({'Rahmat Shah', 'D', 'Samiullah Shinwari', 'Mohammad Nabi', 'Dawlat Zadran'})",frozenset({'won'}),0.1780821917808219,0.4383561643835616,0.1232876712328767,0.6923076923076923,1.5793269230769231,0.04522424469881779,1.8253424657534247
188,"frozenset({'Rashid Khan', 'D', 'Samiullah Shinwari', 'Mohammad Nabi', 'Dawlat Zadran'})",frozenset({'won'}),0.2191780821917808,0.4383561643835616,0.1506849315068493,0.6875,1.568359375,0.05460686808031526,1.797260273972603
189,"frozenset({'Rahmat Shah', 'D', 'Najibullah Zadran', 'Dawlat Zadran', 'Mohammad Shahzad'})",frozenset({'won'}),0.1780821917808219,0.4383561643835616,0.1232876712328767,0.6923076923076923,1.5793269230769231,0.04522424469881779,1.8253424657534247
190,"frozenset({'Rashid Khan', 'D', 'Najibullah Zadran', 'Dawlat Zadran', 'Mohammad Shahzad'})",frozenset({'won'}),0.2054794520547945,0.4383561643835616,0.1506849315068493,0.7333333333333333,1.6729166666666666,0.06061174704447364,2.1061643835616435
191,"frozenset({'D', 'Samiullah Shinwari', 'Najibullah Zadran', 'Dawlat Zadran', 'Mohammad Shahzad'})",frozenset({'won'}),0.136986301369863,0.4383561643835616,0.1095890410958904,0.8,1.8250000000000002,0.04954025145430663,2.8082191780821923
192,"frozenset({'Rashid Khan', 'D', 'Noor Ali Zadran', 'Dawlat Zadran', 'Mohammad Shahzad'})",frozenset({'won'}),0.1506849315068493,0.4383561643835616,0.1232876712328767,0.8181818181818182,1.866477272727273,0.057234002627134545,3.089041095890412
193,"frozenset({'Rahmat Shah', 'Rashid Khan', 'D', 'Dawlat Zadran', 'Mohammad Shahzad'})",frozenset({'won'}),0.2602739726027397,0.4383561643835616,0.1643835616438356,0.631578947368421,1.4407894736842106,0.05029086132482642,1.5244618395303327
194,"frozenset({'Rahmat Shah', 'D', 'Samiullah Shinwari', 'Dawlat Zadran', 'Mohammad Shahzad'})",frozenset({'won'}),0.1506849315068493,0.4383561643835616,0.1232876712328767,0.8181818181818182,1.866477272727273,0.057234002627134545,3.089041095890412
195,"frozenset({'Rashid Khan', 'D', 'Samiullah Shinwari', 'Dawlat Zadran', 'Mohammad Shahzad'})",frozenset({'won'}),0.1917808219178082,0.4383561643835616,0.1506849315068493,0.7857142857142857,1.7924107142857144,0.06661662600863201,2.6210045662100456
196,"frozenset({'Rahmat Shah', 'Rashid Khan', 'D', 'Najibullah Zadran', 'Dawlat Zadran'})",frozenset({'won'}),0.2191780821917808,0.4383561643835616,0.1232876712328767,0.5625,1.283203125,0.027209607806342656,1.2837573385518593
197,"frozenset({'Rashid Khan', 'D', 'Samiullah Shinwari', 'Najibullah Zadran', 'Dawlat Zadran'})",frozenset({'won'}),0.1506849315068493,0.4383561643835616,0.1095890410958904,0.7272727272727273,1.6590909090909092,0.043535372490148244,2.0593607305936077
198,"frozenset({'Rahmat Shah', 'Rashid Khan', 'D', 'Samiullah Shinwari', 'Dawlat Zadran'})",frozenset({'won'}),0.1780821917808219,0.4383561643835616,0.1232876712328767,0.6923076923076923,1.5793269230769231,0.04522424469881779,1.8253424657534247
199,"frozenset({'Rahmat Shah', 'Gulbadin Naib', 'D', 'Mohammad Nabi', 'Mohammad Shahzad'})",frozenset({'won'}),0.2465753424657534,0.4383561643835616,0.136986301369863,0.5555555555555556,1.2673611111111112,0.028898480015012204,1.2636986301369864
200,"frozenset({'Rashid Khan', 'Gulbadin Naib', 'D', 'Mohammad Nabi', 'Mohammad Shahzad'})",frozenset({'won'}),0.2465753424657534,0.4383561643835616,0.136986301369863,0.5555555555555556,1.2673611111111112,0.028898480015012204,1.2636986301369864
201,"frozenset({'Rahmat Shah', 'Rashid Khan', 'Gulbadin Naib', 'D', 'Mohammad Nabi'})",frozenset({'won'}),0.3287671232876712,0.4383561643835616,0.1506849315068493,0.4583333333333333,1.0455729166666667,0.0065678363670482465,1.0368809272918862
202,"frozenset({'Rahmat Shah', 'Gulbadin Naib', 'D', 'Najibullah Zadran', 'Mohammad Shahzad'})",frozenset({'won'}),0.1643835616438356,0.4383561643835616,0.1095890410958904,0.6666666666666666,1.5208333333333333,0.037530493525989875,1.684931506849315
203,"frozenset({'Rashid Khan', 'Gulbadin Naib', 'D', 'Najibullah Zadran', 'Mohammad Shahzad'})",frozenset({'won'}),0.1643835616438356,0.4383561643835616,0.1095890410958904,0.6666666666666666,1.5208333333333333,0.037530493525989875,1.684931506849315
204,"frozenset({'Rahmat Shah', 'Rashid Khan', 'Gulbadin Naib', 'D', 'Mohammad Shahzad'})",frozenset({'won'}),0.2602739726027397,0.4383561643835616,0.1506849315068493,0.5789473684210527,1.3207236842105265,0.03659223118784012,1.3339041095890412
205,"frozenset({'Rahmat Shah', 'Rashid Khan', 'Gulbadin Naib', 'D', 'Najibullah Zadran'})",frozenset({'won'}),0.2328767123287671,0.4383561643835616,0.1095890410958904,0.47058823529411764,1.0735294117647058,0.007506098705197972,1.060882800608828
206,"frozenset({'Rahmat Shah', 'D', 'Mohammad Nabi', 'Najibullah Zadran', 'Mohammad Shahzad'})",frozenset({'won'}),0.2054794520547945,0.4383561643835616,0.1232876712328767,0.6,1.3687500000000001,0.03321448677050104,1.404109589041096
207,"frozenset({'Rashid Khan', 'D', 'Mohammad Nabi', 'Najibullah Zadran', 'Mohammad Shahzad'})",frozenset({'won'}),0.2328767123287671,0.4383561643835616,0.1506849315068493,0.6470588235294118,1.4761029411764708,0.048601989116156874,1.5913242009132422
208,"frozenset({'D', 'Samiullah Shinwari', 'Mohammad Nabi', 'Najibullah Zadran', 'Mohammad Shahzad'})",frozenset({'won'}),0.1506849315068493,0.4383561643835616,0.1095890410958904,0.7272727272727273,1.6590909090909092,0.043535372490148244,2.0593607305936077
209,"frozenset({'Rashid Khan', 'D', 'Noor Ali Zadran', 'Mohammad Nabi', 'Mohammad Shahzad'})",frozenset({'won'}),0.1643835616438356,0.4383561643835616,0.1232876712328767,0.75,1.7109375,0.051229123662976175,2.2465753424657535
210,"frozenset({'Rahmat Shah', 'Rashid Khan', 'D', 'Mohammad Nabi', 'Mohammad Shahzad'})",frozenset({'won'}),0.3013698630136986,0.4383561643835616,0.1643835616438356,0.5454545454545454,1.2443181818181819,0.032276224432351286,1.2356164383561643
211,"frozenset({'Rahmat Shah', 'D', 'Samiullah Shinwari', 'Mohammad Nabi', 'Mohammad Shahzad'})",frozenset({'won'}),0.1780821917808219,0.4383561643835616,0.1232876712328767,0.6923076923076923,1.5793269230769231,0.04522424469881779,1.8253424657534247
212,"frozenset({'Rashid Khan', 'D', 'Samiullah Shinwari', 'Mohammad Nabi', 'Mohammad Shahzad'})",frozenset({'won'}),0.2328767123287671,0.4383561643835616,0.1643835616438356,0.7058823529411765,1.610294117647059,0.062300619253143175,1.909589041095891
213,"frozenset({'Rahmat Shah', 'Rashid Khan', 'D', 'Mohammad Nabi', 'Najibullah Zadran'})",frozenset({'won'}),0.273972602739726,0.4383561643835616,0.1232876712328767,0.45,1.0265625,0.0031900919497091507,1.021170610211706
214,"frozenset({'Rashid Khan', 'D', 'Samiullah Shinwari', 'Mohammad Nabi', 'Najibullah Zadran'})",frozenset({'won'}),0.1780821917808219,0.4383561643835616,0.1095890410958904,0.6153846153846154,1.403846153846154,0.03152561456183149,1.4602739726027398
215,"frozenset({'Rahmat Shah', 'Rashid Khan', 'D', 'Samiullah Shinwari', 'Mohammad Nabi'})",frozenset({'won'}),0.2191780821917808,0.4383561643835616,0.1232876712328767,0.5625,1.283203125,0.027209607806342656,1.2837573385518593
216,"frozenset({'Rahmat Shah', 'Rashid Khan', 'D', 'Najibullah Zadran', 'Mohammad Shahzad'})",frozenset({'won'}),0.2191780821917808,0.4383561643835616,0.136986301369863,0.625,1.42578125,0.04090823794332896,1.497716894977169
217,"frozenset({'Rashid Khan', 'D', 'Samiullah Shinwari', 'Najibullah Zadran', 'Mohammad Shahzad'})",frozenset({'won'}),0.136986301369863,0.4383561643835616,0.1095890410958904,0.8,1.8250000000000002,0.04954025145430663,2.8082191780821923
218,"frozenset({'Rahmat Shah', 'Rashid Khan', 'D', 'Samiullah Shinwari', 'Mohammad Shahzad'})",frozenset({'won'}),0.1780821917808219,0.4383561643835616,0.1232876712328767,0.6923076923076923,1.5793269230769231,0.04522424469881779,1.8253424657534247
219,"frozenset({'Gulbadin Naib', 'D', 'Asghar Afghan', 'Mohammad Nabi', 'Dawlat Zadran', 'Mohammad Shahzad'})",frozenset({'won'}),0.1643835616438356,0.4383561643835616,0.1095890410958904,0.6666666666666666,1.5208333333333333,0.037530493525989875,1.684931506849315
220,"frozenset({'Rahmat Shah', 'Gulbadin Naib', 'D', 'Asghar Afghan', 'Mohammad Nabi', 'Dawlat Zadran'})",frozenset({'won'}),0.2054794520547945,0.4383561643835616,0.1095890410958904,0.5333333333333333,1.2166666666666668,0.01951585663351474,1.203522504892368
221,"frozenset({'Rashid Khan', 'Gulbadin Naib', 'D', 'Asghar Afghan', 'Mohammad Nabi', 'Dawlat Zadran'})",frozenset({'won'}),0.2054794520547945,0.4383561643835616,0.1095890410958904,0.5333333333333333,1.2166666666666668,0.01951585663351474,1.203522504892368
222,"frozenset({'Rahmat Shah', 'Gulbadin Naib', 'D', 'Asghar Afghan', 'Dawlat Zadran', 'Mohammad Shahzad'})",frozenset({'won'}),0.1780821917808219,0.4383561643835616,0.1232876712328767,0.6923076923076923,1.5793269230769231,0.04522424469881779,1.8253424657534247
223,"frozenset({'Rashid Khan', 'Gulbadin Naib', 'D', 'Asghar Afghan', 'Dawlat Zadran', 'Mohammad Shahzad'})",frozenset({'won'}),0.1780821917808219,0.4383561643835616,0.1232876712328767,0.6923076923076923,1.5793269230769231,0.04522424469881779,1.8253424657534247
224,"frozenset({'Rahmat Shah', 'Rashid Khan', 'Gulbadin Naib', 'D', 'Asghar Afghan', 'Dawlat Zadran'})",frozenset({'won'}),0.2191780821917808,0.4383561643835616,0.1232876712328767,0.5625,1.283203125,0.027209607806342656,1.2837573385518593
225,"frozenset({'D', 'Asghar Afghan', 'Mohammad Nabi', 'Najibullah Zadran', 'Dawlat Zadran', 'Mohammad Shahzad'})",frozenset({'won'}),0.1643835616438356,0.4383561643835616,0.1232876712328767,0.75,1.7109375,0.051229123662976175,2.2465753424657535
226,"frozenset({'D', 'Noor Ali Zadran', 'Asghar Afghan', 'Mohammad Nabi', 'Dawlat Zadran', 'Mohammad Shahzad'})",frozenset({'won'}),0.1506849315068493,0.4383561643835616,0.1095890410958904,0.7272727272727273,1.6590909090909092,0.043535372490148244,2.0593607305936077
227,"frozenset({'Rahmat Shah', 'D', 'Asghar Afghan', 'Mohammad Nabi', 'Dawlat Zadran', 'Mohammad Shahzad'})",frozenset({'won'}),0.2054794520547945,0.4383561643835616,0.136986301369863,0.6666666666666666,1.5208333333333333,0.04691311690748734,1.684931506849315
228,"frozenset({'Rashid Khan', 'D', 'Asghar Afghan', 'Mohammad Nabi', 'Dawlat Zadran', 'Mohammad Shahzad'})",frozenset({'won'}),0.2465753424657534,0.4383561643835616,0.1643835616438356,0.6666666666666666,1.5208333333333333,0.056295740288984805,1.684931506849315
229,"frozenset({'D', 'Asghar Afghan', 'Samiullah Shinwari', 'Mohammad Nabi', 'Dawlat Zadran', 'Mohammad Shahzad'})",frozenset({'won'}),0.1917808219178082,0.4383561643835616,0.136986301369863,0.7142857142857143,1.6294642857142858,0.05291799587164571,1.9657534246575343
230,"frozenset({'Rashid Khan', 'D', 'Asghar Afghan', 'Mohammad Nabi', 'Najibullah Zadran', 'Dawlat Zadran'})",frozenset({'won'}),0.1917808219178082,0.4383561643835616,0.1232876712328767,0.6428571428571429,1.4665178571428574,0.03921936573465941,1.5726027397260276
231,"frozenset({'D', 'Asghar Afghan', 'Samiullah Shinwari', 'Mohammad Nabi', 'Najibullah Zadran', 'Dawlat Zadran'})",frozenset({'won'}),0.1917808219178082,0.4383561643835616,0.1095890410958904,0.5714285714285714,1.3035714285714286,0.025520735597673108,1.3105022831050228
232,"frozenset({'Rashid Khan', 'D', 'Noor Ali Zadran', 'Asghar Afghan', 'Mohammad Nabi', 'Dawlat Zadran'})",frozenset({'won'}),0.1506849315068493,0.4383561643835616,0.1095890410958904,0.7272727272727273,1.6590909090909092,0.043535372490148244,2.0593607305936077
233,"frozenset({'Rahmat Shah', 'Rashid Khan', 'D', 'Asghar Afghan', 'Mohammad Nabi', 'Dawlat Zadran'})",frozenset({'won'}),0.2465753424657534,0.4383561643835616,0.136986301369863,0.5555555555555556,1.2673611111111112,0.028898480015012204,1.2636986301369864
234,"frozenset({'Rahmat Shah', 'D', 'Asghar Afghan', 'Samiullah Shinwari', 'Mohammad Nabi', 'Dawlat Zadran'})",frozenset({'won'}),0.1643835616438356,0.4383561643835616,0.1095890410958904,0.6666666666666666,1.5208333333333333,0.037530493525989875,1.684931506849315
235,"frozenset({'Rashid Khan', 'D', 'Asghar Afghan', 'Samiullah Shinwari', 'Mohammad Nabi', 'Dawlat Zadran'})",frozenset({'won'}),0.2054794520547945,0.4383561643835616,0.136986301369863,0.6666666666666666,1.5208333333333333,0.04691311690748734,1.684931506849315
236,"frozenset({'Rahmat Shah', 'D', 'Asghar Afghan', 'Najibullah Zadran', 'Dawlat Zadran', 'Mohammad Shahzad'})",frozenset({'won'}),0.136986301369863,0.4383561643835616,0.1095890410958904,0.8,1.8250000000000002,0.04954025145430663,2.8082191780821923
237,"frozenset({'Rashid Khan', 'D', 'Asghar Afghan', 'Najibullah Zadran', 'Dawlat Zadran', 'Mohammad Shahzad'})",frozenset({'won'}),0.1643835616438356,0.4383561643835616,0.136986301369863,0.8333333333333334,1.901041666666667,0.06492775379996248,3.369863013698631
238,"frozenset({'Rashid Khan', 'D', 'Noor Ali Zadran', 'Asghar Afghan', 'Dawlat Zadran', 'Mohammad Shahzad'})",frozenset({'won'}),0.1506849315068493,0.4383561643835616,0.1232876712328767,0.8181818181818182,1.866477272727273,0.057234002627134545,3.089041095890412
239,"frozenset({'Rahmat Shah', 'Rashid Khan', 'D', 'Asghar Afghan', 'Dawlat Zadran', 'Mohammad Shahzad'})",frozenset({'won'}),0.2191780821917808,0.4383561643835616,0.1506849315068493,0.6875,1.568359375,0.05460686808031526,1.797260273972603
240,"frozenset({'Rahmat Shah', 'D', 'Asghar Afghan', 'Samiullah Shinwari', 'Dawlat Zadran', 'Mohammad Shahzad'})",frozenset({'won'}),0.136986301369863,0.4383561643835616,0.1095890410958904,0.8,1.8250000000000002,0.04954025145430663,2.8082191780821923
241,"frozenset({'Rashid Khan', 'D', 'Asghar Afghan', 'Samiullah Shinwari', 'Dawlat Zadran', 'Mohammad Shahzad'})",frozenset({'won'}),0.1780821917808219,0.4383561643835616,0.136986301369863,0.7692307692307693,1.7548076923076925,0.05892287483580409,2.4337899543379002
242,"frozenset({'Rahmat Shah', 'Rashid Khan', 'D', 'Asghar Afghan', 'Najibullah Zadran', 'Dawlat Zadran'})",frozenset({'won'}),0.1780821917808219,0.4383561643835616,0.1095890410958904,0.6153846153846154,1.403846153846154,0.03152561456183149,1.4602739726027398
243,"frozenset({'Rahmat Shah', 'Rashid Khan', 'D', 'Asghar Afghan', 'Samiullah Shinwari', 'Dawlat Zadran'})",frozenset({'won'}),0.1643835616438356,0.4383561643835616,0.1095890410958904,0.6666666666666666,1.5208333333333333,0.037530493525989875,1.684931506849315
244,"frozenset({'Rahmat Shah', 'Gulbadin Naib', 'D', 'Asghar Afghan', 'Mohammad Nabi', 'Mohammad Shahzad'})",frozenset({'won'}),0.2191780821917808,0.4383561643835616,0.1232876712328767,0.5625,1.283203125,0.027209607806342656,1.2837573385518593
245,"frozenset({'Rashid Khan', 'Gulbadin Naib', 'D', 'Asghar Afghan', 'Mohammad Nabi', 'Mohammad Shahzad'})",frozenset({'won'}),0.2191780821917808,0.4383561643835616,0.1232876712328767,0.5625,1.283203125,0.027209607806342656,1.2837573385518593
246,"frozenset({'Rahmat Shah', 'Rashid Khan', 'Gulbadin Naib', 'D', 'Asghar Afghan', 'Mohammad Nabi'})",frozenset({'won'}),0.3013698630136986,0.4383561643835616,0.136986301369863,0.45454545454545453,1.0369318181818181,0.004878964158378685,1.0296803652968038
247,"frozenset({'Rahmat Shah', 'Rashid Khan', 'Gulbadin Naib', 'D', 'Asghar Afghan', 'Mohammad Shahzad'})",frozenset({'won'}),0.2328767123287671,0.4383561643835616,0.136986301369863,0.5882352941176471,1.3419117647058825,0.03490335897917057,1.3639921722113504
248,"frozenset({'Rahmat Shah', 'D', 'Asghar Afghan', 'Mohammad Nabi', 'Najibullah Zadran', 'Mohammad Shahzad'})",frozenset({'won'}),0.1643835616438356,0.4383561643835616,0.1095890410958904,0.6666666666666666,1.5208333333333333,0.037530493525989875,1.684931506849315
249,"frozenset({'Rashid Khan', 'D', 'Asghar Afghan', 'Mohammad Nabi', 'Najibullah Zadran', 'Mohammad Shahzad'})",frozenset({'won'}),0.1917808219178082,0.4383561643835616,0.136986301369863,0.7142857142857143,1.6294642857142858,0.05291799587164571,1.9657534246575343
250,"frozenset({'Rashid Khan', 'D', 'Noor Ali Zadran', 'Asghar Afghan', 'Mohammad Nabi', 'Mohammad Shahzad'})",frozenset({'won'}),0.1643835616438356,0.4383561643835616,0.1232876712328767,0.75,1.7109375,0.051229123662976175,2.2465753424657535
251,"frozenset({'Rahmat Shah', 'Rashid Khan', 'D', 'Asghar Afghan', 'Mohammad Nabi', 'Mohammad Shahzad'})",frozenset({'won'}),0.2602739726027397,0.4383561643835616,0.1506849315068493,0.5789473684210527,1.3207236842105265,0.03659223118784012,1.3339041095890412
252,"frozenset({'Rahmat Shah', 'D', 'Asghar Afghan', 'Samiullah Shinwari', 'Mohammad Nabi', 'Mohammad Shahzad'})",frozenset({'won'}),0.1643835616438356,0.4383561643835616,0.1095890410958904,0.6666666666666666,1.5208333333333333,0.037530493525989875,1.684931506849315
253,"frozenset({'Rashid Khan', 'D', 'Asghar Afghan', 'Samiullah Shinwari', 'Mohammad Nabi', 'Mohammad Shahzad'})",frozenset({'won'}),0.2191780821917808,0.4383561643835616,0.1506849315068493,0.6875,1.568359375,0.05460686808031526,1.797260273972603
254,"frozenset({'Rahmat Shah', 'Rashid Khan', 'D', 'Asghar Afghan', 'Mohammad Nabi', 'Najibullah Zadran'})",frozenset({'won'}),0.2328767123287671,0.4383561643835616,0.1095890410958904,0.47058823529411764,1.0735294117647058,0.007506098705197972,1.060882800608828
255,"frozenset({'Rahmat Shah', 'Rashid Khan', 'D', 'Asghar Afghan', 'Samiullah Shinwari', 'Mohammad Nabi'})",frozenset({'won'}),0.2054794520547945,0.4383561643835616,0.1095890410958904,0.5333333333333333,1.2166666666666668,0.01951585663351474,1.203522504892368
256,"frozenset({'Rahmat Shah', 'Rashid Khan', 'D', 'Asghar Afghan', 'Najibullah Zadran', 'Mohammad Shahzad'})",frozenset({'won'}),0.1780821917808219,0.4383561643835616,0.1232876712328767,0.6923076923076923,1.5793269230769231,0.04522424469881779,1.8253424657534247
257,"frozenset({'Rahmat Shah', 'Rashid Khan', 'D', 'Asghar Afghan', 'Samiullah Shinwari', 'Mohammad Shahzad'})",frozenset({'won'}),0.1643835616438356,0.4383561643835616,0.1095890410958904,0.6666666666666666,1.5208333333333333,0.037530493525989875,1.684931506849315
258,"frozenset({'Rahmat Shah', 'Gulbadin Naib', 'D', 'Mohammad Nabi', 'Dawlat Zadran', 'Mohammad Shahzad'})",frozenset({'won'}),0.1917808219178082,0.4383561643835616,0.1232876712328767,0.6428571428571429,1.4665178571428574,0.03921936573465941,1.5726027397260276
259,"frozenset({'Rashid Khan', 'Gulbadin Naib', 'D', 'Mohammad Nabi', 'Dawlat Zadran', 'Mohammad Shahzad'})",frozenset({'won'}),0.1917808219178082,0.4383561643835616,0.1232876712328767,0.6428571428571429,1.4665178571428574,0.03921936573465941,1.5726027397260276
260,"frozenset({'Rahmat Shah', 'Rashid Khan', 'Gulbadin Naib', 'D', 'Mohammad Nabi', 'Dawlat Zadran'})",frozenset({'won'}),0.2328767123287671,0.4383561643835616,0.1232876712328767,0.5294117647058824,1.2077205882352942,0.021204728842184273,1.1934931506849316
261,"frozenset({'Rahmat Shah', 'Rashid Khan', 'Gulbadin Naib', 'D', 'Dawlat Zadran', 'Mohammad Shahzad'})",frozenset({'won'}),0.2054794520547945,0.4383561643835616,0.136986301369863,0.6666666666666666,1.5208333333333333,0.04691311690748734,1.684931506849315
262,"frozenset({'Rahmat Shah', 'D', 'Mohammad Nabi', 'Najibullah Zadran', 'Dawlat Zadran', 'Mohammad Shahzad'})",frozenset({'won'}),0.1643835616438356,0.4383561643835616,0.1095890410958904,0.6666666666666666,1.5208333333333333,0.037530493525989875,1.684931506849315
263,"frozenset({'Rashid Khan', 'D', 'Mohammad Nabi', 'Najibullah Zadran', 'Dawlat Zadran', 'Mohammad Shahzad'})",frozenset({'won'}),0.1917808219178082,0.4383561643835616,0.136986301369863,0.7142857142857143,1.6294642857142858,0.05291799587164571,1.9657534246575343
264,"frozenset({'D', 'Samiullah Shinwari', 'Mohammad Nabi', 'Najibullah Zadran', 'Dawlat Zadran', 'Mohammad Shahzad'})",frozenset({'won'}),0.136986301369863,0.4383561643835616,0.1095890410958904,0.8,1.8250000000000002,0.04954025145430663,2.8082191780821923
265,"frozenset({'Rashid Khan', 'D', 'Noor Ali Zadran', 'Mohammad Nabi', 'Dawlat Zadran', 'Mohammad Shahzad'})",frozenset({'won'}),0.136986301369863,0.4383561643835616,0.1095890410958904,0.8,1.8250000000000002,0.04954025145430663,2.8082191780821923
266,"frozenset({'Rahmat Shah', 'Rashid Khan', 'D', 'Mohammad Nabi', 'Dawlat Zadran', 'Mohammad Shahzad'})",frozenset({'won'}),0.2465753424657534,0.4383561643835616,0.1506849315068493,0.6111111111111112,1.3940972222222223,0.042597110151998505,1.4442270058708417
267,"frozenset({'Rahmat Shah', 'D', 'Samiullah Shinwari', 'Mohammad Nabi', 'Dawlat Zadran', 'Mohammad Shahzad'})",frozenset({'won'}),0.1506849315068493,0.4383561643835616,0.1232876712328767,0.8181818181818182,1.866477272727273,0.057234002627134545,3.089041095890412
268,"frozenset({'Rashid Khan', 'D', 'Samiullah Shinwari', 'Mohammad Nabi', 'Dawlat Zadran', 'Mohammad Shahzad'})",frozenset({'won'}),0.1917808219178082,0.4383561643835616,0.1506849315068493,0.7857142857142857,1.7924107142857144,0.06661662600863201,2.6210045662100456
269,"frozenset({'Rahmat Shah', 'Rashid Khan', 'D', 'Mohammad Nabi', 'Najibullah Zadran', 'Dawlat Zadran'})",frozenset({'won'}),0.2054794520547945,0.4383561643835616,0.1095890410958904,0.5333333333333333,1.2166666666666668,0.01951585663351474,1.203522504892368
270,"frozenset({'Rashid Khan', 'D', 'Samiullah Shinwari', 'Mohammad Nabi', 'Najibullah Zadran', 'Dawlat Zadran'})",frozenset({'won'}),0.1506849315068493,0.4383561643835616,0.1095890410958904,0.7272727272727273,1.6590909090909092,0.043535372490148244,2.0593607305936077
271,"frozenset({'Rahmat Shah', 'Rashid Khan', 'D', 'Samiullah Shinwari', 'Mohammad Nabi', 'Dawlat Zadran'})",frozenset({'won'}),0.1780821917808219,0.4383561643835616,0.1232876712328767,0.6923076923076923,1.5793269230769231,0.04522424469881779,1.8253424657534247
272,"frozenset({'Rahmat Shah', 'Rashid Khan', 'D', 'Najibullah Zadran', 'Dawlat Zadran', 'Mohammad Shahzad'})",frozenset({'won'}),0.1780821917808219,0.4383561643835616,0.1232876712328767,0.6923076923076923,1.5793269230769231,0.04522424469881779,1.8253424657534247
273,"frozenset({'Rashid Khan', 'D', 'Samiullah Shinwari', 'Najibullah Zadran', 'Dawlat Zadran', 'Mohammad Shahzad'})",frozenset({'won'}),0.1232876712328767,0.4383561643835616,0.1095890410958904,0.8888888888888888,2.0277777777777777,0.055545130418465004,5.054794520547943
274,"frozenset({'Rahmat Shah', 'Rashid Khan', 'D', 'Samiullah Shinwari', 'Dawlat Zadran', 'Mohammad Shahzad'})",frozenset({'won'}),0.1506849315068493,0.4383561643835616,0.1232876712328767,0.8181818181818182,1.866477272727273,0.057234002627134545,3.089041095890412
275,"frozenset({'Rahmat Shah', 'Rashid Khan', 'Gulbadin Naib', 'D', 'Mohammad Nabi', 'Mohammad Shahzad'})",frozenset({'won'}),0.2465753424657534,0.4383561643835616,0.136986301369863,0.5555555555555556,1.2673611111111112,0.028898480015012204,1.2636986301369864
276,"frozenset({'Rahmat Shah', 'Rashid Khan', 'Gulbadin Naib', 'D', 'Najibullah Zadran', 'Mohammad Shahzad'})",frozenset({'won'}),0.1643835616438356,0.4383561643835616,0.1095890410958904,0.6666666666666666,1.5208333333333333,0.037530493525989875,1.684931506849315
277,"frozenset({'Rahmat Shah', 'Rashid Khan', 'D', 'Mohammad Nabi', 'Najibullah Zadran', 'Mohammad Shahzad'})",frozenset({'won'}),0.2054794520547945,0.4383561643835616,0.1232876712328767,0.6,1.3687500000000001,0.03321448677050104,1.404109589041096
278,"frozenset({'Rashid Khan', 'D', 'Samiullah Shinwari', 'Mohammad Nabi', 'Najibullah Zadran', 'Mohammad Shahzad'})",frozenset({'won'}),0.136986301369863,0.4383561643835616,0.1095890410958904,0.8,1.8250000000000002,0.04954025145430663,2.8082191780821923
279,"frozenset({'Rahmat Shah', 'Rashid Khan', 'D', 'Samiullah Shinwari', 'Mohammad Nabi', 'Mohammad Shahzad'})",frozenset({'won'}),0.1780821917808219,0.4383561643835616,0.1232876712328767,0.6923076923076923,1.5793269230769231,0.04522424469881779,1.8253424657534247
280,"frozenset({'Rahmat Shah', 'Gulbadin Naib', 'D', 'Asghar Afghan', 'Mohammad Nabi', 'Dawlat Zadran', 'Mohammad Shahzad'})",frozenset({'won'}),0.1643835616438356,0.4383561643835616,0.1095890410958904,0.6666666666666666,1.5208333333333333,0.037530493525989875,1.684931506849315
281,"frozenset({'Rashid Khan', 'Gulbadin Naib', 'D', 'Asghar Afghan', 'Mohammad Nabi', 'Dawlat Zadran', 'Mohammad Shahzad'})",frozenset({'won'}),0.1643835616438356,0.4383561643835616,0.1095890410958904,0.6666666666666666,1.5208333333333333,0.037530493525989875,1.684931506849315
282,"frozenset({'Rahmat Shah', 'Rashid Khan', 'Gulbadin Naib', 'D', 'Asghar Afghan', 'Mohammad Nabi', 'Dawlat Zadran'})",frozenset({'won'}),0.2054794520547945,0.4383561643835616,0.1095890410958904,0.5333333333333333,1.2166666666666668,0.01951585663351474,1.203522504892368
283,"frozenset({'Rahmat Shah', 'Rashid Khan', 'Gulbadin Naib', 'D', 'Asghar Afghan', 'Dawlat Zadran', 'Mohammad Shahzad'})",frozenset({'won'}),0.1780821917808219,0.4383561643835616,0.1232876712328767,0.6923076923076923,1.5793269230769231,0.04522424469881779,1.8253424657534247
284,"frozenset({'Rashid Khan', 'D', 'Asghar Afghan', 'Mohammad Nabi', 'Najibullah Zadran', 'Dawlat Zadran', 'Mohammad Shahzad'})",frozenset({'won'}),0.1506849315068493,0.4383561643835616,0.1232876712328767,0.8181818181818182,1.866477272727273,0.057234002627134545,3.089041095890412
285,"frozenset({'Rashid Khan', 'D', 'Noor Ali Zadran', 'Asghar Afghan', 'Mohammad Nabi', 'Dawlat Zadran', 'Mohammad Shahzad'})",frozenset({'won'}),0.136986301369863,0.4383561643835616,0.1095890410958904,0.8,1.8250000000000002,0.04954025145430663,2.8082191780821923
286,"frozenset({'Rahmat Shah', 'Rashid Khan', 'D', 'Asghar Afghan', 'Mohammad Nabi', 'Dawlat Zadran', 'Mohammad Shahzad'})",frozenset({'won'}),0.2054794520547945,0.4383561643835616,0.136986301369863,0.6666666666666666,1.5208333333333333,0.04691311690748734,1.684931506849315
287,"frozenset({'Rahmat Shah', 'D', 'Asghar Afghan', 'Samiullah Shinwari', 'Mohammad Nabi', 'Dawlat Zadran', 'Mohammad Shahzad'})",frozenset({'won'}),0.136986301369863,0.4383561643835616,0.1095890410958904,0.8,1.8250000000000002,0.04954025145430663,2.8082191780821923
288,"frozenset({'Rashid Khan', 'D', 'Asghar Afghan', 'Samiullah Shinwari', 'Mohammad Nabi', 'Dawlat Zadran', 'Mohammad Shahzad'})",frozenset({'won'}),0.1780821917808219,0.4383561643835616,0.136986301369863,0.7692307692307693,1.7548076923076925,0.05892287483580409,2.4337899543379002
289,"frozenset({'Rahmat Shah', 'Rashid Khan', 'D', 'Asghar Afghan', 'Samiullah Shinwari', 'Mohammad Nabi', 'Dawlat Zadran'})",frozenset({'won'}),0.1643835616438356,0.4383561643835616,0.1095890410958904,0.6666666666666666,1.5208333333333333,0.037530493525989875,1.684931506849315
290,"frozenset({'Rahmat Shah', 'Rashid Khan', 'D', 'Asghar Afghan', 'Najibullah Zadran', 'Dawlat Zadran', 'Mohammad Shahzad'})",frozenset({'won'}),0.136986301369863,0.4383561643835616,0.1095890410958904,0.8,1.8250000000000002,0.04954025145430663,2.8082191780821923
291,"frozenset({'Rahmat Shah', 'Rashid Khan', 'D', 'Asghar Afghan', 'Samiullah Shinwari', 'Dawlat Zadran', 'Mohammad Shahzad'})",frozenset({'won'}),0.136986301369863,0.4383561643835616,0.1095890410958904,0.8,1.8250000000000002,0.04954025145430663,2.8082191780821923
292,"frozenset({'Rahmat Shah', 'Rashid Khan', 'Gulbadin Naib', 'D', 'Asghar Afghan', 'Mohammad Nabi', 'Mohammad Shahzad'})",frozenset({'won'}),0.2191780821917808,0.4383561643835616,0.1232876712328767,0.5625,1.283203125,0.027209607806342656,1.2837573385518593
293,"frozenset({'Rahmat Shah', 'Rashid Khan', 'D', 'Asghar Afghan', 'Mohammad Nabi', 'Najibullah Zadran', 'Mohammad Shahzad'})",frozenset({'won'}),0.1643835616438356,0.4383561643835616,0.1095890410958904,0.6666666666666666,1.5208333333333333,0.037530493525989875,1.684931506849315
294,"frozenset({'Rahmat Shah', 'Rashid Khan', 'D', 'Asghar Afghan', 'Samiullah Shinwari', 'Mohammad Nabi', 'Mohammad Shahzad'})",frozenset({'won'}),0.1643835616438356,0.4383561643835616,0.1095890410958904,0.6666666666666666,1.5208333333333333,0.037530493525989875,1.684931506849315
295,"frozenset({'Rahmat Shah', 'Rashid Khan', 'Gulbadin Naib', 'D', 'Mohammad Nabi', 'Dawlat Zadran', 'Mohammad Shahzad'})",frozenset({'won'}),0.1917808219178082,0.4383561643835616,0.1232876712328767,0.6428571428571429,1.4665178571428574,0.03921936573465941,1.5726027397260276
296,"frozenset({'Rahmat Shah', 'Rashid Khan', 'D', 'Mohammad Nabi', 'Najibullah Zadran', 'Dawlat Zadran', 'Mohammad Shahzad'})",frozenset({'won'}),0.1643835616438356,0.4383561643835616,0.1095890410958904,0.6666666666666666,1.5208333333333333,0.037530493525989875,1.684931506849315
297,"frozenset({'Rashid Khan', 'D', 'Samiullah Shinwari', 'Mohammad Nabi', 'Najibullah Zadran', 'Dawlat Zadran', 'Mohammad Shahzad'})",frozenset({'won'}),0.1232876712328767,0.4383561643835616,0.1095890410958904,0.8888888888888888,2.0277777777777777,0.055545130418465004,5.054794520547943
298,"frozenset({'Rahmat Shah', 'Rashid Khan', 'D', 'Samiullah Shinwari', 'Mohammad Nabi', 'Dawlat Zadran', 'Mohammad Shahzad'})",frozenset({'won'}),0.1506849315068493,0.4383561643835616,0.1232876712328767,0.8181818181818182,1.866477272727273,0.057234002627134545,3.089041095890412
299,"frozenset({'Rahmat Shah', 'Rashid Khan', 'Gulbadin Naib', 'D', 'Asghar Afghan', 'Mohammad Nabi', 'Dawlat Zadran', 'Mohammad Shahzad'})",frozenset({'won'}),0.1643835616438356,0.4383561643835616,0.1095890410958904,0.6666666666666666,1.5208333333333333,0.037530493525989875,1.684931506849315
300,"frozenset({'Rahmat Shah', 'Rashid Khan', 'D', 'Asghar Afghan', 'Samiullah Shinwari', 'Mohammad Nabi', 'Dawlat Zadran', 'Mohammad Shahzad'})",frozenset({'won'}),0.136986301369863,0.4383561643835616,0.1095890410958904,0.8,1.8250000000000002,0.04954025145430663,2.8082191780821923
